CREATE DATABASE IF NOT EXISTS BdEchoppe;
use BdEchoppe;

DROP TABLE IF EXISTS RESERVATIONCATEGORIE;
DROP TABLE IF EXISTS RESERVATION;
DROP TABLE IF EXISTS TICKET;
DROP TABLE IF EXISTS DOSSIER;
DROP TABLE IF EXISTS REPRESENTATION;
DROP TABLE IF EXISTS SPECTACLE;
DROP TABLE IF EXISTS PLACE;
DROP TABLE IF EXISTS RANG;
DROP TABLE IF EXISTS ZONE;
DROP TABLE IF EXISTS CATEGORIE;
DROP TABLE IF EXISTS SALLE;
DROP TABLE IF EXISTS ADMINISTRATEUR;
DROP TABLE IF EXISTS RESPONSABLEPROG;
DROP TABLE IF EXISTS CLIENT;
DROP TABLE IF EXISTS UTILISATEUR;

CREATE TABLE UTILISATEUR (
	LOGIN VARCHAR(30),
	MOTDEPASSE VARCHAR(90) NOT NULL,
	NOM VARCHAR(30) NOT NULL,
	PRENOM VARCHAR(30) NOT NULL,
	EMAIL VARCHAR(90),
	CONSTRAINT PK_UTILISATEUR PRIMARY KEY (LOGIN) 
) ENGINE = InnoDB; 

CREATE TABLE CLIENT (
	LOGIN VARCHAR(30),
	CONSTRAINT PK_CLIENT PRIMARY KEY (LOGIN), 
	CONSTRAINT FK_UTILISATEUR_CLIENT FOREIGN KEY (LOGIN) REFERENCES UTILISATEUR(LOGIN) ON DELETE CASCADE
) ENGINE = InnoDB; 

CREATE TABLE RESPONSABLEPROG (
	LOGIN VARCHAR(30),
	CONSTRAINT PK_RESPONSABLEPROG PRIMARY KEY (LOGIN),
	CONSTRAINT FK_UTILISATEUR_RESPONSABLEPROG FOREIGN KEY (LOGIN) REFERENCES UTILISATEUR(LOGIN) ON DELETE CASCADE
) ENGINE = InnoDB; 

CREATE TABLE ADMINISTRATEUR (
	LOGIN VARCHAR(30),
	CONSTRAINT PK_ADMINISTRATEUR PRIMARY KEY (LOGIN),
	CONSTRAINT FK_RESPONSABLEPROG_ADMINISTRATEUR FOREIGN KEY (LOGIN) REFERENCES RESPONSABLEPROG(LOGIN) ON DELETE CASCADE
) ENGINE = InnoDB; 

CREATE TABLE SALLE (
	IDSALLE INTEGER NOT NULL AUTO_INCREMENT,
	NOMSALLE VARCHAR(30),
	CONSTRAINT PK_SALLE PRIMARY KEY (IDSALLE)
) ENGINE = InnoDB; 

CREATE TABLE CATEGORIE (
	IDCATEGORIE INTEGER NOT NULL AUTO_INCREMENT,
	NOMCATEGORIE VARCHAR(30) UNIQUE,
	PRIX INTEGER NOT NULL CHECK (PRIX >= 0),
	CONSTRAINT PK_CATEGORIE PRIMARY KEY (IDCATEGORIE) 
) ENGINE = InnoDB; 

CREATE TABLE ZONE (
	IDZONE INTEGER NOT NULL,
	IDSALLE INTEGER NOT NULL,
	IDCATEGORIE INTEGER NOT NULL,
	CONSTRAINT PK_ZONE PRIMARY KEY (IDZONE, IDSALLE),
	CONSTRAINT FK_ZONE_SALLE FOREIGN KEY (IDSALLE) REFERENCES SALLE(IDSALLE) ON DELETE CASCADE,
	CONSTRAINT FK_ZONE_CATEGORIE FOREIGN KEY (IDCATEGORIE) REFERENCES CATEGORIE(IDCATEGORIE) ON DELETE CASCADE,
	CONSTRAINT UNIQUE_SALLECATEGORIE UNIQUE (IDSALLE, IDCATEGORIE)
) ENGINE = InnoDB; 

CREATE TABLE RANG (
	IDRANG VARCHAR(2),
	IDZONE INTEGER NOT NULL,
	IDSALLE INTEGER NOT NULL,
	CONSTRAINT PK_RANG PRIMARY KEY (IDRANG, IDZONE, IDSALLE),
	CONSTRAINT FK_RANG_ZONE FOREIGN KEY (IDZONE, IDSALLE) REFERENCES ZONE(IDZONE, IDSALLE) ON DELETE CASCADE
) ENGINE = InnoDB; 

CREATE TABLE PLACE (
	IDPLACE INTEGER NOT NULL,
	IDRANG VARCHAR(2) NOT NULL,
	IDZONE INTEGER NOT NULL,
	IDSALLE INTEGER NOT NULL,
	CONSTRAINT PK_PLACE PRIMARY KEY (IDPLACE, IDRANG, IDZONE, IDSALLE),
	CONSTRAINT FK_PLACE_RANG FOREIGN KEY (IDRANG, IDZONE, IDSALLE) REFERENCES RANG(IDRANG, IDZONE, IDSALLE) ON DELETE CASCADE
) ENGINE = InnoDB; 

CREATE TABLE SPECTACLE (
	IDSPECTACLE INTEGER NOT NULL AUTO_INCREMENT,
	NOMSPECTACLE VARCHAR(300) NOT NULL,
	CONSTRAINT PK_SPECTACLE PRIMARY KEY (IDSPECTACLE) 
) ENGINE = InnoDB; 

CREATE TABLE REPRESENTATION (
	HEURE DATETIME,
	IDSALLE INTEGER NOT NULL,
	IDSPECTACLE INTEGER NOT NULL,
	CONSTRAINT PK_REPRESENTATION PRIMARY KEY (HEURE, IDSALLE, IDSPECTACLE),
	CONSTRAINT FK_REPRESENTATION_SALLE FOREIGN KEY (IDSALLE) REFERENCES SALLE(IDSALLE) ON DELETE CASCADE,
	CONSTRAINT FK_REPRESENTATION_SPECTACLE FOREIGN KEY (IDSPECTACLE) REFERENCES SPECTACLE(IDSPECTACLE) ON DELETE CASCADE
) ENGINE = InnoDB; 

CREATE TABLE DOSSIER (
	IDDOSSIER INTEGER NOT NULL AUTO_INCREMENT,
	LOGIN VARCHAR(30) NOT NULL,
	HEURE DATETIME NOT NULL,
	IDSPECTACLE INTEGER NOT NULL,
	IDSALLE INTEGER NOT NULL,
	CONSTRAINT PK_DOSSIER PRIMARY KEY (IDDOSSIER),
	CONSTRAINT FK_DOSSIER_CLIENT FOREIGN KEY (LOGIN) REFERENCES CLIENT(LOGIN) ON DELETE CASCADE,
	CONSTRAINT FK_DOSSIER_REPRESENTATION FOREIGN KEY (HEURE, IDSALLE, IDSPECTACLE) REFERENCES REPRESENTATION(HEURE, IDSALLE, IDSPECTACLE) ON DELETE CASCADE
) ENGINE = InnoDB; 

CREATE TABLE TICKET (
	IDTICKET INTEGER NOT NULL AUTO_INCREMENT,
	DATETRANSACTION DATE NOT NULL,
	IDDOSSIER INTEGER NOT NULL,
	IDPLACE INTEGER NOT NULL,
	IDRANG VARCHAR(2) NOT NULL,
	IDZONE INTEGER NOT NULL,
	IDSALLE INTEGER NOT NULL,
	CONSTRAINT PK_TICKET PRIMARY KEY (IDTICKET), 
	CONSTRAINT FK_TICKET_DOSSIER FOREIGN KEY (IDDOSSIER) REFERENCES DOSSIER(IDDOSSIER) ON DELETE CASCADE,
	CONSTRAINT FK_TICKET_PLACE FOREIGN KEY (IDPLACE, IDRANG, IDZONE, IDSALLE) REFERENCES PLACE(IDPLACE, IDRANG, IDZONE, IDSALLE) ON DELETE CASCADE
) ENGINE = InnoDB; 

CREATE TABLE RESERVATION (
	IDRESERVATION INTEGER NOT NULL AUTO_INCREMENT,
	LOGIN VARCHAR(30) NOT NULL,
	HEURE DATETIME NOT NULL,
	IDSALLE INTEGER NOT NULL,
	IDSPECTACLE INTEGER NOT NULL,
	CONSTRAINT UNIQUE_RESERVATION UNIQUE (LOGIN, HEURE, IDSALLE, IDSPECTACLE),
	CONSTRAINT PK_RESERVATION PRIMARY KEY (IDRESERVATION),
	CONSTRAINT FK_RESERVATION_CLIENT FOREIGN KEY (LOGIN) REFERENCES CLIENT(LOGIN) ON DELETE CASCADE,
	CONSTRAINT FK_RESERVATION_REPRESENTATION FOREIGN KEY (HEURE, IDSALLE, IDSPECTACLE) REFERENCES REPRESENTATION(HEURE, IDSALLE, IDSPECTACLE) ON DELETE CASCADE
) ENGINE = InnoDB; 

CREATE TABLE RESERVATIONCATEGORIE (
	IDRESERVATION INTEGER NOT NULL,
	IDCATEGORIE INTEGER NOT NULL,
	NBPLACES INTEGER NOT NULL CHECK (NBPLACES >= 0),
	CONSTRAINT PK_RESERVATIONCATEGORIE PRIMARY KEY (IDRESERVATION, IDCATEGORIE),
	CONSTRAINT FK_RESERVATIONCATEGORIE_RESERVATION FOREIGN KEY (IDRESERVATION) REFERENCES RESERVATION(IDRESERVATION) ON DELETE CASCADE,
	CONSTRAINT FK_RESERVATIONCATEGORIE_CATEGORIE FOREIGN KEY (IDCATEGORIE) REFERENCES CATEGORIE(IDCATEGORIE) ON DELETE CASCADE
) ENGINE = InnoDB;

INSERT INTO UTILISATEUR VALUES('alain', 'alain', 'DUPONT', 'Alain', 'alain.dupont@gmail.com');
INSERT INTO UTILISATEUR VALUES('benoit', 'benoit', 'PONT', 'Benoît', 'benoit.pont@gmail.com');
INSERT INTO UTILISATEUR VALUES('camille',
'TresCompliqueCeMotDePasseAdminEstVraiment', 'SOUSLEPONT', 'Camille', '');
INSERT INTO UTILISATEUR VALUES('daniel',
'TresCompliqueCeMotDePasseRespoProgEstAussiVraiment', 'SURLEPONT', 'Daniel', '');
INSERT INTO CLIENT VALUES('alain');
INSERT INTO CLIENT VALUES('benoit');
INSERT INTO RESPONSABLEPROG VALUES('camille');
INSERT INTO RESPONSABLEPROG VALUES('daniel');
INSERT INTO ADMINISTRATEUR VALUES('camille');
INSERT INTO SALLE VALUES(1, 'Berlioz');
INSERT INTO CATEGORIE VALUES(1, 'Galerie', 10);
INSERT INTO CATEGORIE VALUES(2, 'Balcon', 100);
INSERT INTO CATEGORIE VALUES(3, 'Orchestre et corbeille', 1000);
INSERT INTO ZONE VALUES(1, 1, 1);
INSERT INTO ZONE VALUES(2, 1, 2);
INSERT INTO ZONE VALUES(3, 1, 3);
INSERT INTO RANG VALUES('A', 1, 1);
INSERT INTO RANG VALUES('B', 1, 1);
INSERT INTO RANG VALUES('A', 2, 1);
INSERT INTO RANG VALUES('B', 2, 1);
INSERT INTO RANG VALUES('C', 2, 1);
INSERT INTO RANG VALUES('A', 3, 1);
INSERT INTO RANG VALUES('B', 3, 1);
INSERT INTO RANG VALUES('C', 3, 1);
INSERT INTO RANG VALUES('D', 3, 1);
INSERT INTO PLACE VALUES(1, 'A', 1, 1);
INSERT INTO PLACE VALUES(2, 'A', 1, 1);
INSERT INTO PLACE VALUES(3, 'A', 1, 1);
INSERT INTO PLACE VALUES(4, 'A', 1, 1);
INSERT INTO PLACE VALUES(5, 'A', 1, 1);
INSERT INTO PLACE VALUES(6, 'A', 1, 1);
INSERT INTO PLACE VALUES(7, 'A', 1, 1);
INSERT INTO PLACE VALUES(8, 'A', 1, 1);
INSERT INTO PLACE VALUES(9, 'A', 1, 1);
INSERT INTO PLACE VALUES(10, 'A', 1, 1);
INSERT INTO PLACE VALUES(11, 'A', 1, 1);
INSERT INTO PLACE VALUES(12, 'A', 1, 1);
INSERT INTO PLACE VALUES(13, 'A', 1, 1);
INSERT INTO PLACE VALUES(14, 'A', 1, 1);
INSERT INTO PLACE VALUES(15, 'A', 1, 1);
INSERT INTO PLACE VALUES(16, 'A', 1, 1);
INSERT INTO PLACE VALUES(17, 'A', 1, 1);
INSERT INTO PLACE VALUES(18, 'A', 1, 1);
INSERT INTO PLACE VALUES(19, 'A', 1, 1);
INSERT INTO PLACE VALUES(20, 'A', 1, 1);
INSERT INTO PLACE VALUES(21, 'A', 1, 1);
INSERT INTO PLACE VALUES(22, 'A', 1, 1);
INSERT INTO PLACE VALUES(23, 'A', 1, 1);
INSERT INTO PLACE VALUES(24, 'A', 1, 1);
INSERT INTO PLACE VALUES(25, 'A', 1, 1);
INSERT INTO PLACE VALUES(26, 'A', 1, 1);
INSERT INTO PLACE VALUES(27, 'A', 1, 1);
INSERT INTO PLACE VALUES(28, 'A', 1, 1);
INSERT INTO PLACE VALUES(29, 'A', 1, 1);
INSERT INTO PLACE VALUES(30, 'A', 1, 1);
INSERT INTO PLACE VALUES(31, 'A', 1, 1);
INSERT INTO PLACE VALUES(32, 'A', 1, 1);
INSERT INTO PLACE VALUES(33, 'A', 1, 1);
INSERT INTO PLACE VALUES(34, 'A', 1, 1);
INSERT INTO PLACE VALUES(35, 'A', 1, 1);
INSERT INTO PLACE VALUES(36, 'A', 1, 1);
INSERT INTO PLACE VALUES(37, 'A', 1, 1);
INSERT INTO PLACE VALUES(38, 'A', 1, 1);
INSERT INTO PLACE VALUES(39, 'A', 1, 1);
INSERT INTO PLACE VALUES(40, 'A', 1, 1);
INSERT INTO PLACE VALUES(41, 'A', 1, 1);
INSERT INTO PLACE VALUES(42, 'A', 1, 1);
INSERT INTO PLACE VALUES(43, 'A', 1, 1);
INSERT INTO PLACE VALUES(44, 'A', 1, 1);
INSERT INTO PLACE VALUES(45, 'A', 1, 1);
INSERT INTO PLACE VALUES(46, 'A', 1, 1);
INSERT INTO PLACE VALUES(47, 'A', 1, 1);
INSERT INTO PLACE VALUES(48, 'A', 1, 1);
INSERT INTO PLACE VALUES(49, 'A', 1, 1);
INSERT INTO PLACE VALUES(50, 'A', 1, 1);
INSERT INTO PLACE VALUES(51, 'A', 1, 1);
INSERT INTO PLACE VALUES(52, 'A', 1, 1);
INSERT INTO PLACE VALUES(53, 'A', 1, 1);
INSERT INTO PLACE VALUES(54, 'A', 1, 1);
INSERT INTO PLACE VALUES(55, 'A', 1, 1);
INSERT INTO PLACE VALUES(56, 'A', 1, 1);
INSERT INTO PLACE VALUES(57, 'A', 1, 1);
INSERT INTO PLACE VALUES(58, 'A', 1, 1);
INSERT INTO PLACE VALUES(59, 'A', 1, 1);
INSERT INTO PLACE VALUES(60, 'A', 1, 1);
INSERT INTO PLACE VALUES(61, 'A', 1, 1);
INSERT INTO PLACE VALUES(62, 'A', 1, 1);
INSERT INTO PLACE VALUES(63, 'A', 1, 1);
INSERT INTO PLACE VALUES(64, 'A', 1, 1);
INSERT INTO PLACE VALUES(65, 'A', 1, 1);
INSERT INTO PLACE VALUES(66, 'A', 1, 1);
INSERT INTO PLACE VALUES(67, 'A', 1, 1);
INSERT INTO PLACE VALUES(68, 'A', 1, 1);
INSERT INTO PLACE VALUES(69, 'A', 1, 1);
INSERT INTO PLACE VALUES(70, 'A', 1, 1);
INSERT INTO PLACE VALUES(71, 'A', 1, 1);
INSERT INTO PLACE VALUES(72, 'A', 1, 1);
INSERT INTO PLACE VALUES(73, 'A', 1, 1);
INSERT INTO PLACE VALUES(74, 'A', 1, 1);
INSERT INTO PLACE VALUES(75, 'A', 1, 1);
INSERT INTO PLACE VALUES(76, 'A', 1, 1);
INSERT INTO PLACE VALUES(77, 'A', 1, 1);
INSERT INTO PLACE VALUES(78, 'A', 1, 1);
INSERT INTO PLACE VALUES(79, 'A', 1, 1);
INSERT INTO PLACE VALUES(80, 'A', 1, 1);
INSERT INTO PLACE VALUES(81, 'A', 1, 1);
INSERT INTO PLACE VALUES(82, 'A', 1, 1);
INSERT INTO PLACE VALUES(83, 'A', 1, 1);
INSERT INTO PLACE VALUES(84, 'A', 1, 1);
INSERT INTO PLACE VALUES(85, 'A', 1, 1);
INSERT INTO PLACE VALUES(86, 'A', 1, 1);
INSERT INTO PLACE VALUES(87, 'A', 1, 1);
INSERT INTO PLACE VALUES(88, 'A', 1, 1);
INSERT INTO PLACE VALUES(89, 'A', 1, 1);
INSERT INTO PLACE VALUES(90, 'A', 1, 1);
INSERT INTO PLACE VALUES(91, 'A', 1, 1);
INSERT INTO PLACE VALUES(92, 'A', 1, 1);
INSERT INTO PLACE VALUES(93, 'A', 1, 1);
INSERT INTO PLACE VALUES(94, 'A', 1, 1);
INSERT INTO PLACE VALUES(95, 'A', 1, 1);
INSERT INTO PLACE VALUES(96, 'A', 1, 1);
INSERT INTO PLACE VALUES(97, 'A', 1, 1);
INSERT INTO PLACE VALUES(98, 'A', 1, 1);
INSERT INTO PLACE VALUES(99, 'A', 1, 1);
INSERT INTO PLACE VALUES(100, 'A', 1, 1);
INSERT INTO PLACE VALUES(1, 'B', 1, 1);
INSERT INTO PLACE VALUES(2, 'B', 1, 1);
INSERT INTO PLACE VALUES(3, 'B', 1, 1);
INSERT INTO PLACE VALUES(4, 'B', 1, 1);
INSERT INTO PLACE VALUES(5, 'B', 1, 1);
INSERT INTO PLACE VALUES(6, 'B', 1, 1);
INSERT INTO PLACE VALUES(7, 'B', 1, 1);
INSERT INTO PLACE VALUES(8, 'B', 1, 1);
INSERT INTO PLACE VALUES(9, 'B', 1, 1);
INSERT INTO PLACE VALUES(10, 'B', 1, 1);
INSERT INTO PLACE VALUES(11, 'B', 1, 1);
INSERT INTO PLACE VALUES(12, 'B', 1, 1);
INSERT INTO PLACE VALUES(13, 'B', 1, 1);
INSERT INTO PLACE VALUES(14, 'B', 1, 1);
INSERT INTO PLACE VALUES(15, 'B', 1, 1);
INSERT INTO PLACE VALUES(16, 'B', 1, 1);
INSERT INTO PLACE VALUES(17, 'B', 1, 1);
INSERT INTO PLACE VALUES(18, 'B', 1, 1);
INSERT INTO PLACE VALUES(19, 'B', 1, 1);
INSERT INTO PLACE VALUES(20, 'B', 1, 1);
INSERT INTO PLACE VALUES(21, 'B', 1, 1);
INSERT INTO PLACE VALUES(22, 'B', 1, 1);
INSERT INTO PLACE VALUES(23, 'B', 1, 1);
INSERT INTO PLACE VALUES(24, 'B', 1, 1);
INSERT INTO PLACE VALUES(25, 'B', 1, 1);
INSERT INTO PLACE VALUES(26, 'B', 1, 1);
INSERT INTO PLACE VALUES(27, 'B', 1, 1);
INSERT INTO PLACE VALUES(28, 'B', 1, 1);
INSERT INTO PLACE VALUES(29, 'B', 1, 1);
INSERT INTO PLACE VALUES(30, 'B', 1, 1);
INSERT INTO PLACE VALUES(31, 'B', 1, 1);
INSERT INTO PLACE VALUES(32, 'B', 1, 1);
INSERT INTO PLACE VALUES(33, 'B', 1, 1);
INSERT INTO PLACE VALUES(34, 'B', 1, 1);
INSERT INTO PLACE VALUES(35, 'B', 1, 1);
INSERT INTO PLACE VALUES(36, 'B', 1, 1);
INSERT INTO PLACE VALUES(37, 'B', 1, 1);
INSERT INTO PLACE VALUES(38, 'B', 1, 1);
INSERT INTO PLACE VALUES(39, 'B', 1, 1);
INSERT INTO PLACE VALUES(40, 'B', 1, 1);
INSERT INTO PLACE VALUES(41, 'B', 1, 1);
INSERT INTO PLACE VALUES(42, 'B', 1, 1);
INSERT INTO PLACE VALUES(43, 'B', 1, 1);
INSERT INTO PLACE VALUES(44, 'B', 1, 1);
INSERT INTO PLACE VALUES(45, 'B', 1, 1);
INSERT INTO PLACE VALUES(46, 'B', 1, 1);
INSERT INTO PLACE VALUES(47, 'B', 1, 1);
INSERT INTO PLACE VALUES(48, 'B', 1, 1);
INSERT INTO PLACE VALUES(49, 'B', 1, 1);
INSERT INTO PLACE VALUES(50, 'B', 1, 1);
INSERT INTO PLACE VALUES(51, 'B', 1, 1);
INSERT INTO PLACE VALUES(52, 'B', 1, 1);
INSERT INTO PLACE VALUES(53, 'B', 1, 1);
INSERT INTO PLACE VALUES(54, 'B', 1, 1);
INSERT INTO PLACE VALUES(55, 'B', 1, 1);
INSERT INTO PLACE VALUES(56, 'B', 1, 1);
INSERT INTO PLACE VALUES(57, 'B', 1, 1);
INSERT INTO PLACE VALUES(58, 'B', 1, 1);
INSERT INTO PLACE VALUES(59, 'B', 1, 1);
INSERT INTO PLACE VALUES(60, 'B', 1, 1);
INSERT INTO PLACE VALUES(61, 'B', 1, 1);
INSERT INTO PLACE VALUES(62, 'B', 1, 1);
INSERT INTO PLACE VALUES(63, 'B', 1, 1);
INSERT INTO PLACE VALUES(64, 'B', 1, 1);
INSERT INTO PLACE VALUES(65, 'B', 1, 1);
INSERT INTO PLACE VALUES(66, 'B', 1, 1);
INSERT INTO PLACE VALUES(67, 'B', 1, 1);
INSERT INTO PLACE VALUES(68, 'B', 1, 1);
INSERT INTO PLACE VALUES(69, 'B', 1, 1);
INSERT INTO PLACE VALUES(70, 'B', 1, 1);
INSERT INTO PLACE VALUES(71, 'B', 1, 1);
INSERT INTO PLACE VALUES(72, 'B', 1, 1);
INSERT INTO PLACE VALUES(73, 'B', 1, 1);
INSERT INTO PLACE VALUES(74, 'B', 1, 1);
INSERT INTO PLACE VALUES(75, 'B', 1, 1);
INSERT INTO PLACE VALUES(76, 'B', 1, 1);
INSERT INTO PLACE VALUES(77, 'B', 1, 1);
INSERT INTO PLACE VALUES(78, 'B', 1, 1);
INSERT INTO PLACE VALUES(79, 'B', 1, 1);
INSERT INTO PLACE VALUES(80, 'B', 1, 1);
INSERT INTO PLACE VALUES(81, 'B', 1, 1);
INSERT INTO PLACE VALUES(82, 'B', 1, 1);
INSERT INTO PLACE VALUES(83, 'B', 1, 1);
INSERT INTO PLACE VALUES(84, 'B', 1, 1);
INSERT INTO PLACE VALUES(85, 'B', 1, 1);
INSERT INTO PLACE VALUES(86, 'B', 1, 1);
INSERT INTO PLACE VALUES(87, 'B', 1, 1);
INSERT INTO PLACE VALUES(88, 'B', 1, 1);
INSERT INTO PLACE VALUES(89, 'B', 1, 1);
INSERT INTO PLACE VALUES(90, 'B', 1, 1);
INSERT INTO PLACE VALUES(91, 'B', 1, 1);
INSERT INTO PLACE VALUES(92, 'B', 1, 1);
INSERT INTO PLACE VALUES(93, 'B', 1, 1);
INSERT INTO PLACE VALUES(94, 'B', 1, 1);
INSERT INTO PLACE VALUES(95, 'B', 1, 1);
INSERT INTO PLACE VALUES(96, 'B', 1, 1);
INSERT INTO PLACE VALUES(97, 'B', 1, 1);
INSERT INTO PLACE VALUES(98, 'B', 1, 1);
INSERT INTO PLACE VALUES(99, 'B', 1, 1);
INSERT INTO PLACE VALUES(100, 'B', 1, 1);
INSERT INTO PLACE VALUES(1, 'A', 2, 1);
INSERT INTO PLACE VALUES(2, 'A', 2, 1);
INSERT INTO PLACE VALUES(3, 'A', 2, 1);
INSERT INTO PLACE VALUES(4, 'A', 2, 1);
INSERT INTO PLACE VALUES(5, 'A', 2, 1);
INSERT INTO PLACE VALUES(6, 'A', 2, 1);
INSERT INTO PLACE VALUES(7, 'A', 2, 1);
INSERT INTO PLACE VALUES(8, 'A', 2, 1);
INSERT INTO PLACE VALUES(9, 'A', 2, 1);
INSERT INTO PLACE VALUES(10, 'A', 2, 1);
INSERT INTO PLACE VALUES(11, 'A', 2, 1);
INSERT INTO PLACE VALUES(12, 'A', 2, 1);
INSERT INTO PLACE VALUES(13, 'A', 2, 1);
INSERT INTO PLACE VALUES(14, 'A', 2, 1);
INSERT INTO PLACE VALUES(15, 'A', 2, 1);
INSERT INTO PLACE VALUES(16, 'A', 2, 1);
INSERT INTO PLACE VALUES(17, 'A', 2, 1);
INSERT INTO PLACE VALUES(18, 'A', 2, 1);
INSERT INTO PLACE VALUES(19, 'A', 2, 1);
INSERT INTO PLACE VALUES(20, 'A', 2, 1);
INSERT INTO PLACE VALUES(21, 'A', 2, 1);
INSERT INTO PLACE VALUES(22, 'A', 2, 1);
INSERT INTO PLACE VALUES(23, 'A', 2, 1);
INSERT INTO PLACE VALUES(24, 'A', 2, 1);
INSERT INTO PLACE VALUES(25, 'A', 2, 1);
INSERT INTO PLACE VALUES(26, 'A', 2, 1);
INSERT INTO PLACE VALUES(27, 'A', 2, 1);
INSERT INTO PLACE VALUES(28, 'A', 2, 1);
INSERT INTO PLACE VALUES(29, 'A', 2, 1);
INSERT INTO PLACE VALUES(30, 'A', 2, 1);
INSERT INTO PLACE VALUES(31, 'A', 2, 1);
INSERT INTO PLACE VALUES(32, 'A', 2, 1);
INSERT INTO PLACE VALUES(33, 'A', 2, 1);
INSERT INTO PLACE VALUES(34, 'A', 2, 1);
INSERT INTO PLACE VALUES(35, 'A', 2, 1);
INSERT INTO PLACE VALUES(36, 'A', 2, 1);
INSERT INTO PLACE VALUES(37, 'A', 2, 1);
INSERT INTO PLACE VALUES(38, 'A', 2, 1);
INSERT INTO PLACE VALUES(39, 'A', 2, 1);
INSERT INTO PLACE VALUES(40, 'A', 2, 1);
INSERT INTO PLACE VALUES(41, 'A', 2, 1);
INSERT INTO PLACE VALUES(42, 'A', 2, 1);
INSERT INTO PLACE VALUES(43, 'A', 2, 1);
INSERT INTO PLACE VALUES(44, 'A', 2, 1);
INSERT INTO PLACE VALUES(45, 'A', 2, 1);
INSERT INTO PLACE VALUES(46, 'A', 2, 1);
INSERT INTO PLACE VALUES(47, 'A', 2, 1);
INSERT INTO PLACE VALUES(48, 'A', 2, 1);
INSERT INTO PLACE VALUES(49, 'A', 2, 1);
INSERT INTO PLACE VALUES(50, 'A', 2, 1);
INSERT INTO PLACE VALUES(51, 'A', 2, 1);
INSERT INTO PLACE VALUES(52, 'A', 2, 1);
INSERT INTO PLACE VALUES(53, 'A', 2, 1);
INSERT INTO PLACE VALUES(54, 'A', 2, 1);
INSERT INTO PLACE VALUES(55, 'A', 2, 1);
INSERT INTO PLACE VALUES(56, 'A', 2, 1);
INSERT INTO PLACE VALUES(57, 'A', 2, 1);
INSERT INTO PLACE VALUES(58, 'A', 2, 1);
INSERT INTO PLACE VALUES(59, 'A', 2, 1);
INSERT INTO PLACE VALUES(60, 'A', 2, 1);
INSERT INTO PLACE VALUES(61, 'A', 2, 1);
INSERT INTO PLACE VALUES(62, 'A', 2, 1);
INSERT INTO PLACE VALUES(63, 'A', 2, 1);
INSERT INTO PLACE VALUES(64, 'A', 2, 1);
INSERT INTO PLACE VALUES(65, 'A', 2, 1);
INSERT INTO PLACE VALUES(66, 'A', 2, 1);
INSERT INTO PLACE VALUES(67, 'A', 2, 1);
INSERT INTO PLACE VALUES(68, 'A', 2, 1);
INSERT INTO PLACE VALUES(69, 'A', 2, 1);
INSERT INTO PLACE VALUES(70, 'A', 2, 1);
INSERT INTO PLACE VALUES(71, 'A', 2, 1);
INSERT INTO PLACE VALUES(72, 'A', 2, 1);
INSERT INTO PLACE VALUES(73, 'A', 2, 1);
INSERT INTO PLACE VALUES(74, 'A', 2, 1);
INSERT INTO PLACE VALUES(75, 'A', 2, 1);
INSERT INTO PLACE VALUES(76, 'A', 2, 1);
INSERT INTO PLACE VALUES(77, 'A', 2, 1);
INSERT INTO PLACE VALUES(78, 'A', 2, 1);
INSERT INTO PLACE VALUES(79, 'A', 2, 1);
INSERT INTO PLACE VALUES(80, 'A', 2, 1);
INSERT INTO PLACE VALUES(81, 'A', 2, 1);
INSERT INTO PLACE VALUES(82, 'A', 2, 1);
INSERT INTO PLACE VALUES(83, 'A', 2, 1);
INSERT INTO PLACE VALUES(84, 'A', 2, 1);
INSERT INTO PLACE VALUES(85, 'A', 2, 1);
INSERT INTO PLACE VALUES(86, 'A', 2, 1);
INSERT INTO PLACE VALUES(87, 'A', 2, 1);
INSERT INTO PLACE VALUES(88, 'A', 2, 1);
INSERT INTO PLACE VALUES(89, 'A', 2, 1);
INSERT INTO PLACE VALUES(90, 'A', 2, 1);
INSERT INTO PLACE VALUES(91, 'A', 2, 1);
INSERT INTO PLACE VALUES(92, 'A', 2, 1);
INSERT INTO PLACE VALUES(93, 'A', 2, 1);
INSERT INTO PLACE VALUES(94, 'A', 2, 1);
INSERT INTO PLACE VALUES(95, 'A', 2, 1);
INSERT INTO PLACE VALUES(96, 'A', 2, 1);
INSERT INTO PLACE VALUES(97, 'A', 2, 1);
INSERT INTO PLACE VALUES(98, 'A', 2, 1);
INSERT INTO PLACE VALUES(99, 'A', 2, 1);
INSERT INTO PLACE VALUES(100, 'A', 2, 1);
INSERT INTO PLACE VALUES(1, 'B', 2, 1);
INSERT INTO PLACE VALUES(2, 'B', 2, 1);
INSERT INTO PLACE VALUES(3, 'B', 2, 1);
INSERT INTO PLACE VALUES(4, 'B', 2, 1);
INSERT INTO PLACE VALUES(5, 'B', 2, 1);
INSERT INTO PLACE VALUES(6, 'B', 2, 1);
INSERT INTO PLACE VALUES(7, 'B', 2, 1);
INSERT INTO PLACE VALUES(8, 'B', 2, 1);
INSERT INTO PLACE VALUES(9, 'B', 2, 1);
INSERT INTO PLACE VALUES(10, 'B', 2, 1);
INSERT INTO PLACE VALUES(11, 'B', 2, 1);
INSERT INTO PLACE VALUES(12, 'B', 2, 1);
INSERT INTO PLACE VALUES(13, 'B', 2, 1);
INSERT INTO PLACE VALUES(14, 'B', 2, 1);
INSERT INTO PLACE VALUES(15, 'B', 2, 1);
INSERT INTO PLACE VALUES(16, 'B', 2, 1);
INSERT INTO PLACE VALUES(17, 'B', 2, 1);
INSERT INTO PLACE VALUES(18, 'B', 2, 1);
INSERT INTO PLACE VALUES(19, 'B', 2, 1);
INSERT INTO PLACE VALUES(20, 'B', 2, 1);
INSERT INTO PLACE VALUES(21, 'B', 2, 1);
INSERT INTO PLACE VALUES(22, 'B', 2, 1);
INSERT INTO PLACE VALUES(23, 'B', 2, 1);
INSERT INTO PLACE VALUES(24, 'B', 2, 1);
INSERT INTO PLACE VALUES(25, 'B', 2, 1);
INSERT INTO PLACE VALUES(26, 'B', 2, 1);
INSERT INTO PLACE VALUES(27, 'B', 2, 1);
INSERT INTO PLACE VALUES(28, 'B', 2, 1);
INSERT INTO PLACE VALUES(29, 'B', 2, 1);
INSERT INTO PLACE VALUES(30, 'B', 2, 1);
INSERT INTO PLACE VALUES(31, 'B', 2, 1);
INSERT INTO PLACE VALUES(32, 'B', 2, 1);
INSERT INTO PLACE VALUES(33, 'B', 2, 1);
INSERT INTO PLACE VALUES(34, 'B', 2, 1);
INSERT INTO PLACE VALUES(35, 'B', 2, 1);
INSERT INTO PLACE VALUES(36, 'B', 2, 1);
INSERT INTO PLACE VALUES(37, 'B', 2, 1);
INSERT INTO PLACE VALUES(38, 'B', 2, 1);
INSERT INTO PLACE VALUES(39, 'B', 2, 1);
INSERT INTO PLACE VALUES(40, 'B', 2, 1);
INSERT INTO PLACE VALUES(41, 'B', 2, 1);
INSERT INTO PLACE VALUES(42, 'B', 2, 1);
INSERT INTO PLACE VALUES(43, 'B', 2, 1);
INSERT INTO PLACE VALUES(44, 'B', 2, 1);
INSERT INTO PLACE VALUES(45, 'B', 2, 1);
INSERT INTO PLACE VALUES(46, 'B', 2, 1);
INSERT INTO PLACE VALUES(47, 'B', 2, 1);
INSERT INTO PLACE VALUES(48, 'B', 2, 1);
INSERT INTO PLACE VALUES(49, 'B', 2, 1);
INSERT INTO PLACE VALUES(50, 'B', 2, 1);
INSERT INTO PLACE VALUES(51, 'B', 2, 1);
INSERT INTO PLACE VALUES(52, 'B', 2, 1);
INSERT INTO PLACE VALUES(53, 'B', 2, 1);
INSERT INTO PLACE VALUES(54, 'B', 2, 1);
INSERT INTO PLACE VALUES(55, 'B', 2, 1);
INSERT INTO PLACE VALUES(56, 'B', 2, 1);
INSERT INTO PLACE VALUES(57, 'B', 2, 1);
INSERT INTO PLACE VALUES(58, 'B', 2, 1);
INSERT INTO PLACE VALUES(59, 'B', 2, 1);
INSERT INTO PLACE VALUES(60, 'B', 2, 1);
INSERT INTO PLACE VALUES(61, 'B', 2, 1);
INSERT INTO PLACE VALUES(62, 'B', 2, 1);
INSERT INTO PLACE VALUES(63, 'B', 2, 1);
INSERT INTO PLACE VALUES(64, 'B', 2, 1);
INSERT INTO PLACE VALUES(65, 'B', 2, 1);
INSERT INTO PLACE VALUES(66, 'B', 2, 1);
INSERT INTO PLACE VALUES(67, 'B', 2, 1);
INSERT INTO PLACE VALUES(68, 'B', 2, 1);
INSERT INTO PLACE VALUES(69, 'B', 2, 1);
INSERT INTO PLACE VALUES(70, 'B', 2, 1);
INSERT INTO PLACE VALUES(71, 'B', 2, 1);
INSERT INTO PLACE VALUES(72, 'B', 2, 1);
INSERT INTO PLACE VALUES(73, 'B', 2, 1);
INSERT INTO PLACE VALUES(74, 'B', 2, 1);
INSERT INTO PLACE VALUES(75, 'B', 2, 1);
INSERT INTO PLACE VALUES(76, 'B', 2, 1);
INSERT INTO PLACE VALUES(77, 'B', 2, 1);
INSERT INTO PLACE VALUES(78, 'B', 2, 1);
INSERT INTO PLACE VALUES(79, 'B', 2, 1);
INSERT INTO PLACE VALUES(80, 'B', 2, 1);
INSERT INTO PLACE VALUES(81, 'B', 2, 1);
INSERT INTO PLACE VALUES(82, 'B', 2, 1);
INSERT INTO PLACE VALUES(83, 'B', 2, 1);
INSERT INTO PLACE VALUES(84, 'B', 2, 1);
INSERT INTO PLACE VALUES(85, 'B', 2, 1);
INSERT INTO PLACE VALUES(86, 'B', 2, 1);
INSERT INTO PLACE VALUES(87, 'B', 2, 1);
INSERT INTO PLACE VALUES(88, 'B', 2, 1);
INSERT INTO PLACE VALUES(89, 'B', 2, 1);
INSERT INTO PLACE VALUES(90, 'B', 2, 1);
INSERT INTO PLACE VALUES(91, 'B', 2, 1);
INSERT INTO PLACE VALUES(92, 'B', 2, 1);
INSERT INTO PLACE VALUES(93, 'B', 2, 1);
INSERT INTO PLACE VALUES(94, 'B', 2, 1);
INSERT INTO PLACE VALUES(95, 'B', 2, 1);
INSERT INTO PLACE VALUES(96, 'B', 2, 1);
INSERT INTO PLACE VALUES(97, 'B', 2, 1);
INSERT INTO PLACE VALUES(98, 'B', 2, 1);
INSERT INTO PLACE VALUES(99, 'B', 2, 1);
INSERT INTO PLACE VALUES(100, 'B', 2, 1);
INSERT INTO PLACE VALUES(1, 'C', 2, 1);
INSERT INTO PLACE VALUES(2, 'C', 2, 1);
INSERT INTO PLACE VALUES(3, 'C', 2, 1);
INSERT INTO PLACE VALUES(4, 'C', 2, 1);
INSERT INTO PLACE VALUES(5, 'C', 2, 1);
INSERT INTO PLACE VALUES(6, 'C', 2, 1);
INSERT INTO PLACE VALUES(7, 'C', 2, 1);
INSERT INTO PLACE VALUES(8, 'C', 2, 1);
INSERT INTO PLACE VALUES(9, 'C', 2, 1);
INSERT INTO PLACE VALUES(10, 'C', 2, 1);
INSERT INTO PLACE VALUES(11, 'C', 2, 1);
INSERT INTO PLACE VALUES(12, 'C', 2, 1);
INSERT INTO PLACE VALUES(13, 'C', 2, 1);
INSERT INTO PLACE VALUES(14, 'C', 2, 1);
INSERT INTO PLACE VALUES(15, 'C', 2, 1);
INSERT INTO PLACE VALUES(16, 'C', 2, 1);
INSERT INTO PLACE VALUES(17, 'C', 2, 1);
INSERT INTO PLACE VALUES(18, 'C', 2, 1);
INSERT INTO PLACE VALUES(19, 'C', 2, 1);
INSERT INTO PLACE VALUES(20, 'C', 2, 1);
INSERT INTO PLACE VALUES(21, 'C', 2, 1);
INSERT INTO PLACE VALUES(22, 'C', 2, 1);
INSERT INTO PLACE VALUES(23, 'C', 2, 1);
INSERT INTO PLACE VALUES(24, 'C', 2, 1);
INSERT INTO PLACE VALUES(25, 'C', 2, 1);
INSERT INTO PLACE VALUES(26, 'C', 2, 1);
INSERT INTO PLACE VALUES(27, 'C', 2, 1);
INSERT INTO PLACE VALUES(28, 'C', 2, 1);
INSERT INTO PLACE VALUES(29, 'C', 2, 1);
INSERT INTO PLACE VALUES(30, 'C', 2, 1);
INSERT INTO PLACE VALUES(31, 'C', 2, 1);
INSERT INTO PLACE VALUES(32, 'C', 2, 1);
INSERT INTO PLACE VALUES(33, 'C', 2, 1);
INSERT INTO PLACE VALUES(34, 'C', 2, 1);
INSERT INTO PLACE VALUES(35, 'C', 2, 1);
INSERT INTO PLACE VALUES(36, 'C', 2, 1);
INSERT INTO PLACE VALUES(37, 'C', 2, 1);
INSERT INTO PLACE VALUES(38, 'C', 2, 1);
INSERT INTO PLACE VALUES(39, 'C', 2, 1);
INSERT INTO PLACE VALUES(40, 'C', 2, 1);
INSERT INTO PLACE VALUES(41, 'C', 2, 1);
INSERT INTO PLACE VALUES(42, 'C', 2, 1);
INSERT INTO PLACE VALUES(43, 'C', 2, 1);
INSERT INTO PLACE VALUES(44, 'C', 2, 1);
INSERT INTO PLACE VALUES(45, 'C', 2, 1);
INSERT INTO PLACE VALUES(46, 'C', 2, 1);
INSERT INTO PLACE VALUES(47, 'C', 2, 1);
INSERT INTO PLACE VALUES(48, 'C', 2, 1);
INSERT INTO PLACE VALUES(49, 'C', 2, 1);
INSERT INTO PLACE VALUES(50, 'C', 2, 1);
INSERT INTO PLACE VALUES(51, 'C', 2, 1);
INSERT INTO PLACE VALUES(52, 'C', 2, 1);
INSERT INTO PLACE VALUES(53, 'C', 2, 1);
INSERT INTO PLACE VALUES(54, 'C', 2, 1);
INSERT INTO PLACE VALUES(55, 'C', 2, 1);
INSERT INTO PLACE VALUES(56, 'C', 2, 1);
INSERT INTO PLACE VALUES(57, 'C', 2, 1);
INSERT INTO PLACE VALUES(58, 'C', 2, 1);
INSERT INTO PLACE VALUES(59, 'C', 2, 1);
INSERT INTO PLACE VALUES(60, 'C', 2, 1);
INSERT INTO PLACE VALUES(61, 'C', 2, 1);
INSERT INTO PLACE VALUES(62, 'C', 2, 1);
INSERT INTO PLACE VALUES(63, 'C', 2, 1);
INSERT INTO PLACE VALUES(64, 'C', 2, 1);
INSERT INTO PLACE VALUES(65, 'C', 2, 1);
INSERT INTO PLACE VALUES(66, 'C', 2, 1);
INSERT INTO PLACE VALUES(67, 'C', 2, 1);
INSERT INTO PLACE VALUES(68, 'C', 2, 1);
INSERT INTO PLACE VALUES(69, 'C', 2, 1);
INSERT INTO PLACE VALUES(70, 'C', 2, 1);
INSERT INTO PLACE VALUES(71, 'C', 2, 1);
INSERT INTO PLACE VALUES(72, 'C', 2, 1);
INSERT INTO PLACE VALUES(73, 'C', 2, 1);
INSERT INTO PLACE VALUES(74, 'C', 2, 1);
INSERT INTO PLACE VALUES(75, 'C', 2, 1);
INSERT INTO PLACE VALUES(76, 'C', 2, 1);
INSERT INTO PLACE VALUES(77, 'C', 2, 1);
INSERT INTO PLACE VALUES(78, 'C', 2, 1);
INSERT INTO PLACE VALUES(79, 'C', 2, 1);
INSERT INTO PLACE VALUES(80, 'C', 2, 1);
INSERT INTO PLACE VALUES(81, 'C', 2, 1);
INSERT INTO PLACE VALUES(82, 'C', 2, 1);
INSERT INTO PLACE VALUES(83, 'C', 2, 1);
INSERT INTO PLACE VALUES(84, 'C', 2, 1);
INSERT INTO PLACE VALUES(85, 'C', 2, 1);
INSERT INTO PLACE VALUES(86, 'C', 2, 1);
INSERT INTO PLACE VALUES(87, 'C', 2, 1);
INSERT INTO PLACE VALUES(88, 'C', 2, 1);
INSERT INTO PLACE VALUES(89, 'C', 2, 1);
INSERT INTO PLACE VALUES(90, 'C', 2, 1);
INSERT INTO PLACE VALUES(91, 'C', 2, 1);
INSERT INTO PLACE VALUES(92, 'C', 2, 1);
INSERT INTO PLACE VALUES(93, 'C', 2, 1);
INSERT INTO PLACE VALUES(94, 'C', 2, 1);
INSERT INTO PLACE VALUES(95, 'C', 2, 1);
INSERT INTO PLACE VALUES(96, 'C', 2, 1);
INSERT INTO PLACE VALUES(97, 'C', 2, 1);
INSERT INTO PLACE VALUES(98, 'C', 2, 1);
INSERT INTO PLACE VALUES(99, 'C', 2, 1);
INSERT INTO PLACE VALUES(100, 'C', 2, 1);
INSERT INTO PLACE VALUES(1, 'A', 3, 1);
INSERT INTO PLACE VALUES(2, 'A', 3, 1);
INSERT INTO PLACE VALUES(3, 'A', 3, 1);
INSERT INTO PLACE VALUES(4, 'A', 3, 1);
INSERT INTO PLACE VALUES(5, 'A', 3, 1);
INSERT INTO PLACE VALUES(6, 'A', 3, 1);
INSERT INTO PLACE VALUES(7, 'A', 3, 1);
INSERT INTO PLACE VALUES(8, 'A', 3, 1);
INSERT INTO PLACE VALUES(9, 'A', 3, 1);
INSERT INTO PLACE VALUES(10, 'A', 3, 1);
INSERT INTO PLACE VALUES(11, 'A', 3, 1);
INSERT INTO PLACE VALUES(12, 'A', 3, 1);
INSERT INTO PLACE VALUES(13, 'A', 3, 1);
INSERT INTO PLACE VALUES(14, 'A', 3, 1);
INSERT INTO PLACE VALUES(15, 'A', 3, 1);
INSERT INTO PLACE VALUES(16, 'A', 3, 1);
INSERT INTO PLACE VALUES(17, 'A', 3, 1);
INSERT INTO PLACE VALUES(18, 'A', 3, 1);
INSERT INTO PLACE VALUES(19, 'A', 3, 1);
INSERT INTO PLACE VALUES(20, 'A', 3, 1);
INSERT INTO PLACE VALUES(21, 'A', 3, 1);
INSERT INTO PLACE VALUES(22, 'A', 3, 1);
INSERT INTO PLACE VALUES(23, 'A', 3, 1);
INSERT INTO PLACE VALUES(24, 'A', 3, 1);
INSERT INTO PLACE VALUES(25, 'A', 3, 1);
INSERT INTO PLACE VALUES(26, 'A', 3, 1);
INSERT INTO PLACE VALUES(27, 'A', 3, 1);
INSERT INTO PLACE VALUES(28, 'A', 3, 1);
INSERT INTO PLACE VALUES(29, 'A', 3, 1);
INSERT INTO PLACE VALUES(30, 'A', 3, 1);
INSERT INTO PLACE VALUES(31, 'A', 3, 1);
INSERT INTO PLACE VALUES(32, 'A', 3, 1);
INSERT INTO PLACE VALUES(33, 'A', 3, 1);
INSERT INTO PLACE VALUES(34, 'A', 3, 1);
INSERT INTO PLACE VALUES(35, 'A', 3, 1);
INSERT INTO PLACE VALUES(36, 'A', 3, 1);
INSERT INTO PLACE VALUES(37, 'A', 3, 1);
INSERT INTO PLACE VALUES(38, 'A', 3, 1);
INSERT INTO PLACE VALUES(39, 'A', 3, 1);
INSERT INTO PLACE VALUES(40, 'A', 3, 1);
INSERT INTO PLACE VALUES(41, 'A', 3, 1);
INSERT INTO PLACE VALUES(42, 'A', 3, 1);
INSERT INTO PLACE VALUES(43, 'A', 3, 1);
INSERT INTO PLACE VALUES(44, 'A', 3, 1);
INSERT INTO PLACE VALUES(45, 'A', 3, 1);
INSERT INTO PLACE VALUES(46, 'A', 3, 1);
INSERT INTO PLACE VALUES(47, 'A', 3, 1);
INSERT INTO PLACE VALUES(48, 'A', 3, 1);
INSERT INTO PLACE VALUES(49, 'A', 3, 1);
INSERT INTO PLACE VALUES(50, 'A', 3, 1);
INSERT INTO PLACE VALUES(51, 'A', 3, 1);
INSERT INTO PLACE VALUES(52, 'A', 3, 1);
INSERT INTO PLACE VALUES(53, 'A', 3, 1);
INSERT INTO PLACE VALUES(54, 'A', 3, 1);
INSERT INTO PLACE VALUES(55, 'A', 3, 1);
INSERT INTO PLACE VALUES(56, 'A', 3, 1);
INSERT INTO PLACE VALUES(57, 'A', 3, 1);
INSERT INTO PLACE VALUES(58, 'A', 3, 1);
INSERT INTO PLACE VALUES(59, 'A', 3, 1);
INSERT INTO PLACE VALUES(60, 'A', 3, 1);
INSERT INTO PLACE VALUES(61, 'A', 3, 1);
INSERT INTO PLACE VALUES(62, 'A', 3, 1);
INSERT INTO PLACE VALUES(63, 'A', 3, 1);
INSERT INTO PLACE VALUES(64, 'A', 3, 1);
INSERT INTO PLACE VALUES(65, 'A', 3, 1);
INSERT INTO PLACE VALUES(66, 'A', 3, 1);
INSERT INTO PLACE VALUES(67, 'A', 3, 1);
INSERT INTO PLACE VALUES(68, 'A', 3, 1);
INSERT INTO PLACE VALUES(69, 'A', 3, 1);
INSERT INTO PLACE VALUES(70, 'A', 3, 1);
INSERT INTO PLACE VALUES(71, 'A', 3, 1);
INSERT INTO PLACE VALUES(72, 'A', 3, 1);
INSERT INTO PLACE VALUES(73, 'A', 3, 1);
INSERT INTO PLACE VALUES(74, 'A', 3, 1);
INSERT INTO PLACE VALUES(75, 'A', 3, 1);
INSERT INTO PLACE VALUES(76, 'A', 3, 1);
INSERT INTO PLACE VALUES(77, 'A', 3, 1);
INSERT INTO PLACE VALUES(78, 'A', 3, 1);
INSERT INTO PLACE VALUES(79, 'A', 3, 1);
INSERT INTO PLACE VALUES(80, 'A', 3, 1);
INSERT INTO PLACE VALUES(81, 'A', 3, 1);
INSERT INTO PLACE VALUES(82, 'A', 3, 1);
INSERT INTO PLACE VALUES(83, 'A', 3, 1);
INSERT INTO PLACE VALUES(84, 'A', 3, 1);
INSERT INTO PLACE VALUES(85, 'A', 3, 1);
INSERT INTO PLACE VALUES(86, 'A', 3, 1);
INSERT INTO PLACE VALUES(87, 'A', 3, 1);
INSERT INTO PLACE VALUES(88, 'A', 3, 1);
INSERT INTO PLACE VALUES(89, 'A', 3, 1);
INSERT INTO PLACE VALUES(90, 'A', 3, 1);
INSERT INTO PLACE VALUES(91, 'A', 3, 1);
INSERT INTO PLACE VALUES(92, 'A', 3, 1);
INSERT INTO PLACE VALUES(93, 'A', 3, 1);
INSERT INTO PLACE VALUES(94, 'A', 3, 1);
INSERT INTO PLACE VALUES(95, 'A', 3, 1);
INSERT INTO PLACE VALUES(96, 'A', 3, 1);
INSERT INTO PLACE VALUES(97, 'A', 3, 1);
INSERT INTO PLACE VALUES(98, 'A', 3, 1);
INSERT INTO PLACE VALUES(99, 'A', 3, 1);
INSERT INTO PLACE VALUES(100, 'A', 3, 1);
INSERT INTO PLACE VALUES(1, 'B', 3, 1);
INSERT INTO PLACE VALUES(2, 'B', 3, 1);
INSERT INTO PLACE VALUES(3, 'B', 3, 1);
INSERT INTO PLACE VALUES(4, 'B', 3, 1);
INSERT INTO PLACE VALUES(5, 'B', 3, 1);
INSERT INTO PLACE VALUES(6, 'B', 3, 1);
INSERT INTO PLACE VALUES(7, 'B', 3, 1);
INSERT INTO PLACE VALUES(8, 'B', 3, 1);
INSERT INTO PLACE VALUES(9, 'B', 3, 1);
INSERT INTO PLACE VALUES(10, 'B', 3, 1);
INSERT INTO PLACE VALUES(11, 'B', 3, 1);
INSERT INTO PLACE VALUES(12, 'B', 3, 1);
INSERT INTO PLACE VALUES(13, 'B', 3, 1);
INSERT INTO PLACE VALUES(14, 'B', 3, 1);
INSERT INTO PLACE VALUES(15, 'B', 3, 1);
INSERT INTO PLACE VALUES(16, 'B', 3, 1);
INSERT INTO PLACE VALUES(17, 'B', 3, 1);
INSERT INTO PLACE VALUES(18, 'B', 3, 1);
INSERT INTO PLACE VALUES(19, 'B', 3, 1);
INSERT INTO PLACE VALUES(20, 'B', 3, 1);
INSERT INTO PLACE VALUES(21, 'B', 3, 1);
INSERT INTO PLACE VALUES(22, 'B', 3, 1);
INSERT INTO PLACE VALUES(23, 'B', 3, 1);
INSERT INTO PLACE VALUES(24, 'B', 3, 1);
INSERT INTO PLACE VALUES(25, 'B', 3, 1);
INSERT INTO PLACE VALUES(26, 'B', 3, 1);
INSERT INTO PLACE VALUES(27, 'B', 3, 1);
INSERT INTO PLACE VALUES(28, 'B', 3, 1);
INSERT INTO PLACE VALUES(29, 'B', 3, 1);
INSERT INTO PLACE VALUES(30, 'B', 3, 1);
INSERT INTO PLACE VALUES(31, 'B', 3, 1);
INSERT INTO PLACE VALUES(32, 'B', 3, 1);
INSERT INTO PLACE VALUES(33, 'B', 3, 1);
INSERT INTO PLACE VALUES(34, 'B', 3, 1);
INSERT INTO PLACE VALUES(35, 'B', 3, 1);
INSERT INTO PLACE VALUES(36, 'B', 3, 1);
INSERT INTO PLACE VALUES(37, 'B', 3, 1);
INSERT INTO PLACE VALUES(38, 'B', 3, 1);
INSERT INTO PLACE VALUES(39, 'B', 3, 1);
INSERT INTO PLACE VALUES(40, 'B', 3, 1);
INSERT INTO PLACE VALUES(41, 'B', 3, 1);
INSERT INTO PLACE VALUES(42, 'B', 3, 1);
INSERT INTO PLACE VALUES(43, 'B', 3, 1);
INSERT INTO PLACE VALUES(44, 'B', 3, 1);
INSERT INTO PLACE VALUES(45, 'B', 3, 1);
INSERT INTO PLACE VALUES(46, 'B', 3, 1);
INSERT INTO PLACE VALUES(47, 'B', 3, 1);
INSERT INTO PLACE VALUES(48, 'B', 3, 1);
INSERT INTO PLACE VALUES(49, 'B', 3, 1);
INSERT INTO PLACE VALUES(50, 'B', 3, 1);
INSERT INTO PLACE VALUES(51, 'B', 3, 1);
INSERT INTO PLACE VALUES(52, 'B', 3, 1);
INSERT INTO PLACE VALUES(53, 'B', 3, 1);
INSERT INTO PLACE VALUES(54, 'B', 3, 1);
INSERT INTO PLACE VALUES(55, 'B', 3, 1);
INSERT INTO PLACE VALUES(56, 'B', 3, 1);
INSERT INTO PLACE VALUES(57, 'B', 3, 1);
INSERT INTO PLACE VALUES(58, 'B', 3, 1);
INSERT INTO PLACE VALUES(59, 'B', 3, 1);
INSERT INTO PLACE VALUES(60, 'B', 3, 1);
INSERT INTO PLACE VALUES(61, 'B', 3, 1);
INSERT INTO PLACE VALUES(62, 'B', 3, 1);
INSERT INTO PLACE VALUES(63, 'B', 3, 1);
INSERT INTO PLACE VALUES(64, 'B', 3, 1);
INSERT INTO PLACE VALUES(65, 'B', 3, 1);
INSERT INTO PLACE VALUES(66, 'B', 3, 1);
INSERT INTO PLACE VALUES(67, 'B', 3, 1);
INSERT INTO PLACE VALUES(68, 'B', 3, 1);
INSERT INTO PLACE VALUES(69, 'B', 3, 1);
INSERT INTO PLACE VALUES(70, 'B', 3, 1);
INSERT INTO PLACE VALUES(71, 'B', 3, 1);
INSERT INTO PLACE VALUES(72, 'B', 3, 1);
INSERT INTO PLACE VALUES(73, 'B', 3, 1);
INSERT INTO PLACE VALUES(74, 'B', 3, 1);
INSERT INTO PLACE VALUES(75, 'B', 3, 1);
INSERT INTO PLACE VALUES(76, 'B', 3, 1);
INSERT INTO PLACE VALUES(77, 'B', 3, 1);
INSERT INTO PLACE VALUES(78, 'B', 3, 1);
INSERT INTO PLACE VALUES(79, 'B', 3, 1);
INSERT INTO PLACE VALUES(80, 'B', 3, 1);
INSERT INTO PLACE VALUES(81, 'B', 3, 1);
INSERT INTO PLACE VALUES(82, 'B', 3, 1);
INSERT INTO PLACE VALUES(83, 'B', 3, 1);
INSERT INTO PLACE VALUES(84, 'B', 3, 1);
INSERT INTO PLACE VALUES(85, 'B', 3, 1);
INSERT INTO PLACE VALUES(86, 'B', 3, 1);
INSERT INTO PLACE VALUES(87, 'B', 3, 1);
INSERT INTO PLACE VALUES(88, 'B', 3, 1);
INSERT INTO PLACE VALUES(89, 'B', 3, 1);
INSERT INTO PLACE VALUES(90, 'B', 3, 1);
INSERT INTO PLACE VALUES(91, 'B', 3, 1);
INSERT INTO PLACE VALUES(92, 'B', 3, 1);
INSERT INTO PLACE VALUES(93, 'B', 3, 1);
INSERT INTO PLACE VALUES(94, 'B', 3, 1);
INSERT INTO PLACE VALUES(95, 'B', 3, 1);
INSERT INTO PLACE VALUES(96, 'B', 3, 1);
INSERT INTO PLACE VALUES(97, 'B', 3, 1);
INSERT INTO PLACE VALUES(98, 'B', 3, 1);
INSERT INTO PLACE VALUES(99, 'B', 3, 1);
INSERT INTO PLACE VALUES(100, 'B', 3, 1);
INSERT INTO PLACE VALUES(1, 'C', 3, 1);
INSERT INTO PLACE VALUES(2, 'C', 3, 1);
INSERT INTO PLACE VALUES(3, 'C', 3, 1);
INSERT INTO PLACE VALUES(4, 'C', 3, 1);
INSERT INTO PLACE VALUES(5, 'C', 3, 1);
INSERT INTO PLACE VALUES(6, 'C', 3, 1);
INSERT INTO PLACE VALUES(7, 'C', 3, 1);
INSERT INTO PLACE VALUES(8, 'C', 3, 1);
INSERT INTO PLACE VALUES(9, 'C', 3, 1);
INSERT INTO PLACE VALUES(10, 'C', 3, 1);
INSERT INTO PLACE VALUES(11, 'C', 3, 1);
INSERT INTO PLACE VALUES(12, 'C', 3, 1);
INSERT INTO PLACE VALUES(13, 'C', 3, 1);
INSERT INTO PLACE VALUES(14, 'C', 3, 1);
INSERT INTO PLACE VALUES(15, 'C', 3, 1);
INSERT INTO PLACE VALUES(16, 'C', 3, 1);
INSERT INTO PLACE VALUES(17, 'C', 3, 1);
INSERT INTO PLACE VALUES(18, 'C', 3, 1);
INSERT INTO PLACE VALUES(19, 'C', 3, 1);
INSERT INTO PLACE VALUES(20, 'C', 3, 1);
INSERT INTO PLACE VALUES(21, 'C', 3, 1);
INSERT INTO PLACE VALUES(22, 'C', 3, 1);
INSERT INTO PLACE VALUES(23, 'C', 3, 1);
INSERT INTO PLACE VALUES(24, 'C', 3, 1);
INSERT INTO PLACE VALUES(25, 'C', 3, 1);
INSERT INTO PLACE VALUES(26, 'C', 3, 1);
INSERT INTO PLACE VALUES(27, 'C', 3, 1);
INSERT INTO PLACE VALUES(28, 'C', 3, 1);
INSERT INTO PLACE VALUES(29, 'C', 3, 1);
INSERT INTO PLACE VALUES(30, 'C', 3, 1);
INSERT INTO PLACE VALUES(31, 'C', 3, 1);
INSERT INTO PLACE VALUES(32, 'C', 3, 1);
INSERT INTO PLACE VALUES(33, 'C', 3, 1);
INSERT INTO PLACE VALUES(34, 'C', 3, 1);
INSERT INTO PLACE VALUES(35, 'C', 3, 1);
INSERT INTO PLACE VALUES(36, 'C', 3, 1);
INSERT INTO PLACE VALUES(37, 'C', 3, 1);
INSERT INTO PLACE VALUES(38, 'C', 3, 1);
INSERT INTO PLACE VALUES(39, 'C', 3, 1);
INSERT INTO PLACE VALUES(40, 'C', 3, 1);
INSERT INTO PLACE VALUES(41, 'C', 3, 1);
INSERT INTO PLACE VALUES(42, 'C', 3, 1);
INSERT INTO PLACE VALUES(43, 'C', 3, 1);
INSERT INTO PLACE VALUES(44, 'C', 3, 1);
INSERT INTO PLACE VALUES(45, 'C', 3, 1);
INSERT INTO PLACE VALUES(46, 'C', 3, 1);
INSERT INTO PLACE VALUES(47, 'C', 3, 1);
INSERT INTO PLACE VALUES(48, 'C', 3, 1);
INSERT INTO PLACE VALUES(49, 'C', 3, 1);
INSERT INTO PLACE VALUES(50, 'C', 3, 1);
INSERT INTO PLACE VALUES(51, 'C', 3, 1);
INSERT INTO PLACE VALUES(52, 'C', 3, 1);
INSERT INTO PLACE VALUES(53, 'C', 3, 1);
INSERT INTO PLACE VALUES(54, 'C', 3, 1);
INSERT INTO PLACE VALUES(55, 'C', 3, 1);
INSERT INTO PLACE VALUES(56, 'C', 3, 1);
INSERT INTO PLACE VALUES(57, 'C', 3, 1);
INSERT INTO PLACE VALUES(58, 'C', 3, 1);
INSERT INTO PLACE VALUES(59, 'C', 3, 1);
INSERT INTO PLACE VALUES(60, 'C', 3, 1);
INSERT INTO PLACE VALUES(61, 'C', 3, 1);
INSERT INTO PLACE VALUES(62, 'C', 3, 1);
INSERT INTO PLACE VALUES(63, 'C', 3, 1);
INSERT INTO PLACE VALUES(64, 'C', 3, 1);
INSERT INTO PLACE VALUES(65, 'C', 3, 1);
INSERT INTO PLACE VALUES(66, 'C', 3, 1);
INSERT INTO PLACE VALUES(67, 'C', 3, 1);
INSERT INTO PLACE VALUES(68, 'C', 3, 1);
INSERT INTO PLACE VALUES(69, 'C', 3, 1);
INSERT INTO PLACE VALUES(70, 'C', 3, 1);
INSERT INTO PLACE VALUES(71, 'C', 3, 1);
INSERT INTO PLACE VALUES(72, 'C', 3, 1);
INSERT INTO PLACE VALUES(73, 'C', 3, 1);
INSERT INTO PLACE VALUES(74, 'C', 3, 1);
INSERT INTO PLACE VALUES(75, 'C', 3, 1);
INSERT INTO PLACE VALUES(76, 'C', 3, 1);
INSERT INTO PLACE VALUES(77, 'C', 3, 1);
INSERT INTO PLACE VALUES(78, 'C', 3, 1);
INSERT INTO PLACE VALUES(79, 'C', 3, 1);
INSERT INTO PLACE VALUES(80, 'C', 3, 1);
INSERT INTO PLACE VALUES(81, 'C', 3, 1);
INSERT INTO PLACE VALUES(82, 'C', 3, 1);
INSERT INTO PLACE VALUES(83, 'C', 3, 1);
INSERT INTO PLACE VALUES(84, 'C', 3, 1);
INSERT INTO PLACE VALUES(85, 'C', 3, 1);
INSERT INTO PLACE VALUES(86, 'C', 3, 1);
INSERT INTO PLACE VALUES(87, 'C', 3, 1);
INSERT INTO PLACE VALUES(88, 'C', 3, 1);
INSERT INTO PLACE VALUES(89, 'C', 3, 1);
INSERT INTO PLACE VALUES(90, 'C', 3, 1);
INSERT INTO PLACE VALUES(91, 'C', 3, 1);
INSERT INTO PLACE VALUES(92, 'C', 3, 1);
INSERT INTO PLACE VALUES(93, 'C', 3, 1);
INSERT INTO PLACE VALUES(94, 'C', 3, 1);
INSERT INTO PLACE VALUES(95, 'C', 3, 1);
INSERT INTO PLACE VALUES(96, 'C', 3, 1);
INSERT INTO PLACE VALUES(97, 'C', 3, 1);
INSERT INTO PLACE VALUES(98, 'C', 3, 1);
INSERT INTO PLACE VALUES(99, 'C', 3, 1);
INSERT INTO PLACE VALUES(100, 'C', 3, 1);
INSERT INTO PLACE VALUES(1, 'D', 3, 1);
INSERT INTO PLACE VALUES(2, 'D', 3, 1);
INSERT INTO PLACE VALUES(3, 'D', 3, 1);
INSERT INTO PLACE VALUES(4, 'D', 3, 1);
INSERT INTO PLACE VALUES(5, 'D', 3, 1);
INSERT INTO PLACE VALUES(6, 'D', 3, 1);
INSERT INTO PLACE VALUES(7, 'D', 3, 1);
INSERT INTO PLACE VALUES(8, 'D', 3, 1);
INSERT INTO PLACE VALUES(9, 'D', 3, 1);
INSERT INTO PLACE VALUES(10, 'D', 3, 1);
INSERT INTO PLACE VALUES(11, 'D', 3, 1);
INSERT INTO PLACE VALUES(12, 'D', 3, 1);
INSERT INTO PLACE VALUES(13, 'D', 3, 1);
INSERT INTO PLACE VALUES(14, 'D', 3, 1);
INSERT INTO PLACE VALUES(15, 'D', 3, 1);
INSERT INTO PLACE VALUES(16, 'D', 3, 1);
INSERT INTO PLACE VALUES(17, 'D', 3, 1);
INSERT INTO PLACE VALUES(18, 'D', 3, 1);
INSERT INTO PLACE VALUES(19, 'D', 3, 1);
INSERT INTO PLACE VALUES(20, 'D', 3, 1);
INSERT INTO PLACE VALUES(21, 'D', 3, 1);
INSERT INTO PLACE VALUES(22, 'D', 3, 1);
INSERT INTO PLACE VALUES(23, 'D', 3, 1);
INSERT INTO PLACE VALUES(24, 'D', 3, 1);
INSERT INTO PLACE VALUES(25, 'D', 3, 1);
INSERT INTO PLACE VALUES(26, 'D', 3, 1);
INSERT INTO PLACE VALUES(27, 'D', 3, 1);
INSERT INTO PLACE VALUES(28, 'D', 3, 1);
INSERT INTO PLACE VALUES(29, 'D', 3, 1);
INSERT INTO PLACE VALUES(30, 'D', 3, 1);
INSERT INTO PLACE VALUES(31, 'D', 3, 1);
INSERT INTO PLACE VALUES(32, 'D', 3, 1);
INSERT INTO PLACE VALUES(33, 'D', 3, 1);
INSERT INTO PLACE VALUES(34, 'D', 3, 1);
INSERT INTO PLACE VALUES(35, 'D', 3, 1);
INSERT INTO PLACE VALUES(36, 'D', 3, 1);
INSERT INTO PLACE VALUES(37, 'D', 3, 1);
INSERT INTO PLACE VALUES(38, 'D', 3, 1);
INSERT INTO PLACE VALUES(39, 'D', 3, 1);
INSERT INTO PLACE VALUES(40, 'D', 3, 1);
INSERT INTO PLACE VALUES(41, 'D', 3, 1);
INSERT INTO PLACE VALUES(42, 'D', 3, 1);
INSERT INTO PLACE VALUES(43, 'D', 3, 1);
INSERT INTO PLACE VALUES(44, 'D', 3, 1);
INSERT INTO PLACE VALUES(45, 'D', 3, 1);
INSERT INTO PLACE VALUES(46, 'D', 3, 1);
INSERT INTO PLACE VALUES(47, 'D', 3, 1);
INSERT INTO PLACE VALUES(48, 'D', 3, 1);
INSERT INTO PLACE VALUES(49, 'D', 3, 1);
INSERT INTO PLACE VALUES(50, 'D', 3, 1);
INSERT INTO PLACE VALUES(51, 'D', 3, 1);
INSERT INTO PLACE VALUES(52, 'D', 3, 1);
INSERT INTO PLACE VALUES(53, 'D', 3, 1);
INSERT INTO PLACE VALUES(54, 'D', 3, 1);
INSERT INTO PLACE VALUES(55, 'D', 3, 1);
INSERT INTO PLACE VALUES(56, 'D', 3, 1);
INSERT INTO PLACE VALUES(57, 'D', 3, 1);
INSERT INTO PLACE VALUES(58, 'D', 3, 1);
INSERT INTO PLACE VALUES(59, 'D', 3, 1);
INSERT INTO PLACE VALUES(60, 'D', 3, 1);
INSERT INTO PLACE VALUES(61, 'D', 3, 1);
INSERT INTO PLACE VALUES(62, 'D', 3, 1);
INSERT INTO PLACE VALUES(63, 'D', 3, 1);
INSERT INTO PLACE VALUES(64, 'D', 3, 1);
INSERT INTO PLACE VALUES(65, 'D', 3, 1);
INSERT INTO PLACE VALUES(66, 'D', 3, 1);
INSERT INTO PLACE VALUES(67, 'D', 3, 1);
INSERT INTO PLACE VALUES(68, 'D', 3, 1);
INSERT INTO PLACE VALUES(69, 'D', 3, 1);
INSERT INTO PLACE VALUES(70, 'D', 3, 1);
INSERT INTO PLACE VALUES(71, 'D', 3, 1);
INSERT INTO PLACE VALUES(72, 'D', 3, 1);
INSERT INTO PLACE VALUES(73, 'D', 3, 1);
INSERT INTO PLACE VALUES(74, 'D', 3, 1);
INSERT INTO PLACE VALUES(75, 'D', 3, 1);
INSERT INTO PLACE VALUES(76, 'D', 3, 1);
INSERT INTO PLACE VALUES(77, 'D', 3, 1);
INSERT INTO PLACE VALUES(78, 'D', 3, 1);
INSERT INTO PLACE VALUES(79, 'D', 3, 1);
INSERT INTO PLACE VALUES(80, 'D', 3, 1);
INSERT INTO PLACE VALUES(81, 'D', 3, 1);
INSERT INTO PLACE VALUES(82, 'D', 3, 1);
INSERT INTO PLACE VALUES(83, 'D', 3, 1);
INSERT INTO PLACE VALUES(84, 'D', 3, 1);
INSERT INTO PLACE VALUES(85, 'D', 3, 1);
INSERT INTO PLACE VALUES(86, 'D', 3, 1);
INSERT INTO PLACE VALUES(87, 'D', 3, 1);
INSERT INTO PLACE VALUES(88, 'D', 3, 1);
INSERT INTO PLACE VALUES(89, 'D', 3, 1);
INSERT INTO PLACE VALUES(90, 'D', 3, 1);
INSERT INTO PLACE VALUES(91, 'D', 3, 1);
INSERT INTO PLACE VALUES(92, 'D', 3, 1);
INSERT INTO PLACE VALUES(93, 'D', 3, 1);
INSERT INTO PLACE VALUES(94, 'D', 3, 1);
INSERT INTO PLACE VALUES(95, 'D', 3, 1);
INSERT INTO PLACE VALUES(96, 'D', 3, 1);
INSERT INTO PLACE VALUES(97, 'D', 3, 1);
INSERT INTO PLACE VALUES(98, 'D', 3, 1);
INSERT INTO PLACE VALUES(99, 'D', 3, 1);
INSERT INTO PLACE VALUES(100, 'D', 3, 1);
INSERT INTO SPECTACLE VALUES(1, 'Le Comte de Bouderbala');
INSERT INTO SPECTACLE VALUES(2, 'Sister Act');
INSERT INTO SPECTACLE VALUES(3, 'Les danseurs fantastiques');
INSERT INTO SPECTACLE VALUES(4, 'Salut les copains');
INSERT INTO SPECTACLE VALUES(5, 'La guerre des sexes');
INSERT INTO REPRESENTATION (HEURE, IDSALLE, IDSPECTACLE) VALUES('2013-05-10 19:00:00', 1, 1);
INSERT INTO REPRESENTATION (HEURE, IDSALLE, IDSPECTACLE) VALUES('2013-05-11 19:00:00', 1, 1);
INSERT INTO REPRESENTATION (HEURE, IDSALLE, IDSPECTACLE) VALUES('2013-06-10 19:00:00', 1, 2);
INSERT INTO REPRESENTATION (HEURE, IDSALLE, IDSPECTACLE) VALUES('2013-06-11 19:00:00', 1, 2);
INSERT INTO REPRESENTATION (HEURE, IDSALLE, IDSPECTACLE) VALUES('2013-07-10 19:00:00', 1, 3);
INSERT INTO REPRESENTATION (HEURE, IDSALLE, IDSPECTACLE) VALUES('2013-07-11 19:00:00', 1, 3);
INSERT INTO REPRESENTATION (HEURE, IDSALLE, IDSPECTACLE) VALUES('2013-01-11 19:00:00', 1, 4);
INSERT INTO REPRESENTATION (HEURE, IDSALLE, IDSPECTACLE) VALUES('2013-02-11 19:00:00', 1, 5);
INSERT INTO REPRESENTATION (HEURE, IDSALLE, IDSPECTACLE) VALUES('2014-02-11 19:00:00', 1, 5);

INSERT INTO DOSSIER (IDDOSSIER, LOGIN, HEURE, IDSPECTACLE, IDSALLE) VALUES(1, 'alain', '2013-05-10 19:00:00', 1, 1);
INSERT INTO DOSSIER (IDDOSSIER, LOGIN, HEURE, IDSPECTACLE, IDSALLE) VALUES(2, 'alain', '2013-05-10 19:00:00', 1, 1);
INSERT INTO DOSSIER (IDDOSSIER, LOGIN, HEURE, IDSPECTACLE, IDSALLE) VALUES(3, 'benoit', '2013-07-10 19:00:00', 3, 1);
INSERT INTO DOSSIER (IDDOSSIER, LOGIN, HEURE, IDSPECTACLE, IDSALLE) VALUES(4, 'benoit', '2013-07-11 19:00:00', 3, 1);
	
INSERT INTO TICKET (IDTICKET, DATETRANSACTION, IDDOSSIER, IDPLACE, IDRANG, IDZONE, IDSALLE) 
            VALUES(1, '2013-01-01', 1, 1, 'A', 1, 1);
INSERT INTO TICKET (IDTICKET, DATETRANSACTION, IDDOSSIER, IDPLACE, IDRANG, IDZONE, IDSALLE)
            VALUES(2, '2013-01-01', 1, 2, 'A', 1, 1);
INSERT INTO TICKET (IDTICKET, DATETRANSACTION, IDDOSSIER, IDPLACE, IDRANG, IDZONE, IDSALLE)
            VALUES(3, '2013-02-01', 2, 1, 'B', 1, 1);
INSERT INTO TICKET (IDTICKET, DATETRANSACTION, IDDOSSIER, IDPLACE, IDRANG, IDZONE, IDSALLE)
            VALUES(4, '2013-02-01', 2, 2, 'B', 1, 1);
INSERT INTO TICKET (IDTICKET, DATETRANSACTION, IDDOSSIER, IDPLACE, IDRANG, IDZONE, IDSALLE)
            VALUES(5, '2013-03-01', 3, 3, 'A', 2, 1);
INSERT INTO TICKET (IDTICKET, DATETRANSACTION, IDDOSSIER, IDPLACE, IDRANG, IDZONE, IDSALLE)
            VALUES(6, '2013-04-01', 4, 3, 'A', 3, 1);
INSERT INTO RESERVATION VALUES(1, 'alain', '2013-07-11 19:00:00', 1, 3);
INSERT INTO RESERVATION VALUES(2, 'alain', '2013-06-10 19:00:00', 1, 2);
INSERT INTO RESERVATION VALUES(3, 'benoit', '2013-06-10 19:00:00', 1, 2);
INSERT INTO RESERVATIONCATEGORIE VALUES(1, 1, 1);
INSERT INTO RESERVATIONCATEGORIE VALUES(1, 2, 2);
INSERT INTO RESERVATIONCATEGORIE VALUES(1, 3, 3);
INSERT INTO RESERVATIONCATEGORIE VALUES(2, 3, 2);
INSERT INTO RESERVATIONCATEGORIE VALUES(3, 3, 3);
